user,status
cc7854568d8b7c59860f4a881a9597ea,old
46c7d509079927811f61c6ef4eb594e9,old
0cec516b4786b1fdbb12b6adcccbb3c4,old
e0e3151fced089cd54ff8d3db4d0012c,old
67c5f44a63f02ef4fdfb6b075d22f999,old
ff8cf75eb0ef7fff2fc032341c66e46c,old
aa5779b035eaf01f6b3f77ecf2fa35b8,old
0233462ecc8dc25e2230f64977124599,old
cadfd2de1396a6e1b5d99b14580725f1,old
df06a6d8e5acaf67498ec66852323a52,old
32bf3f6406e3cfbb9b952dcc8165d5df,old
a0b3f35bb643bb702367140831c8a984,old
1cb9e2d5050b6cf0ae4c43a766089bd7,old
6166d027aef71805deeae629bb013027,old
4ec7f5bbb64a6b95d91358c77863545c,old
c4e3b20d2f3a70452e4a5d65a37cf8f2,old
add07d49e7755bd5c099b7cbd42d8e23,old
6e76d0e32ba8948d0f6c329603307539,old
95d13459ae2962dce4bec5bc59b3b949,old
3317e025a79ac5aff69fc09ecc055341,old
e568153b36577020a1d9b4376f6bd9d8,old
f77ab7707f26c623e1b84569ffdc5dae,old
bb9fbe32b87fea4c988ceb72ff6f081a,old
f3cb0f4054d902888437dda4c0e9a4f3,old
55742e2faa288041217972b2411a7e09,old
8e68bbd752a15f17055ab6be86fbfc62,old
a261275be65262501e8d87fcc7d65ad5,old
4784cfb5b1c10d5d406a7bf77adb1819,old
2f62e7570ae6243b6b09c7c98349f114,old
d1ab7165ac408da4be6cdbcf70efeb20,old
8b5a7ca2cab145255d1db090f5df0cb7,old
87b4c62c0e32330f272fad33f3a04daf,old
166fc8763e92288a0bd3e16fa3e03ace,old
943af1372d904e5827b9c34ab80a5b43,old
7ca43b890327443909c153826891732b,old
bd83be353313be2c1a72ebe2a3bc2096,old
0c48375899da6d886368bde1d2906c3d,old
ecde1d500afe053515af7d039ae15f7d,old
45c57fb1576efe1694155f82048396db,old
2cd3288ec7b65ac00c1098270e1f089e,old
cc51ccc5b0197a66ea4460946114a2d3,old
215a0146c64dd9baab9ec40750963d44,old
abd3946f04a6818ef5bd9da7387848b8,old
0e59e2725c36e9b931e70704078cebb7,old
31dc5e607cee926928210be1ac1c5922,old
cd096d19e3fee47b6dff8c9c8b2599a8,old
8c066d5fa88636d639cb08dc655cd483,old
ba4a73741e93366f9588acf3c2e94f70,old
aaf3ee59d19efcaecd80c70ce16dd6ca,old
8c0c0f3941c6b2e681137613ab62ef30,old
fa21cb5df988a185073b81d000d45d26,old
95da89f4c3f69a51e11ec6a8a7343b52,old
c3881f1180c88c667e4f490f388e0454,old
bdd209b5b1460e16c597761160d57ebf,old
a8287f04f41462d7bc7fe9b125a0a57e,old
3eb95001d956276f11a716f19c67d65c,old
78bfc4fdafe38bbdb63f9afa4813e26b,old
0b5a8d140b07e6d2bb0c6414556eda88,old
416930f94526932425a8ccd5bbcdd2d0,old
bda3342c4df6d40505b15cde91503cc6,old
3bc7ba5fa404d0e418e7caee3b75e833,old
86e30a874d4d155d452d6bedc80f171b,old
5f3a9b4dad0ba85b67e9f2cddc1e2857,old
8e9db0e25369d53dfb2c267d4a086534,old
a5e2f592e0027f8b500e7a4749918154,old
f36e0e39d78c98a0da39d7e47848cb92,old
8d61280ae9a9023de6450a6ed79dd3a0,old
721eec57b5280dd69ddbcb6dc7dde999,old
7b98f8d92fb65b37c26f17c028bb2df0,old
face3fc3018d9056b81570aab31223d0,old
f61ad9250beef1b5eebd8047012d428b,old
c4ee26df2a22d7cfad3a7221ee321ce0,old
a69cb07bc23ed3850278a3d0a1bf6ae4,old
a9664991eca3d672f447b2e1c84e6ca9,old
0c880e16d4e2a28713592262022788cf,old
3019388ac19d8fbefa019beacddce182,old
1e0950cc22e92a3b2ba780164a640c53,old
75ffeb94f186bcd2e2ba9066eb264f05,old
a9b0a8f1512f74cdda85f5709224e1f8,old
bf3af4d415591aaf1e6fab79e9d14882,old
f20d31028b4f4061bcdece847b4947f3,old
3631388f651d2a3231d8f2fda5d24670,old
